{"train_loss":0.5965422743625856,"epoch":13,"val_loss":0.7452133539925659,"_wandb":{"runtime":42},"_runtime":42,"_timestamp":1.768185302251212e+09,"_step":25}