{"_timestamp":1.7681812408207414e+09,"val_loss":1.3094183369003274,"_wandb":{"runtime":6},"_runtime":6,"_step":11,"train_loss":0.7309098893403385,"epoch":6}