{"_wandb":{"runtime":48},"_runtime":48,"train_loss":0.7204709199267423,"epoch":21,"_timestamp":1.7681849908181632e+09,"_step":41,"val_loss":0.9899831840384331}