{"epoch":6,"_timestamp":1.7681832425022209e+09,"_step":11,"train_loss":0.9584752099514008,"val_loss":1.097943726539612,"_wandb":{"runtime":11},"_runtime":11}