{"_wandb":{"runtime":21},"_runtime":21,"epoch":7,"_timestamp":1.7681834510878584e+09,"_step":13,"train_loss":0.9366334821383159,"val_loss":1.1310850116411846}