{"_wandb":{"runtime":32},"_runtime":32,"epoch":6,"_timestamp":1.7681827328781047e+09,"_step":11,"train_loss":0.9317637107372284,"val_loss":1.0695608785152435}