{"_wandb":{"runtime":119},"_runtime":119,"_step":29,"train_loss":0.5434759454076622,"epoch":15,"_timestamp":1.7681869832437356e+09,"val_loss":0.6487211636733701}