{"val_loss":0.5666763800871361,"_wandb":{"runtime":62},"_runtime":62,"_step":29,"train_loss":0.49676296454797253,"epoch":15,"_timestamp":1.7681857840122736e+09}