{"_step":13,"train_loss":0.9125386369228363,"epoch":7,"val_loss":1.1444860461552937,"_wandb":{"runtime":26},"_runtime":26,"_timestamp":1.7681826262351198e+09}