{"train_loss":0.9021455545425415,"epoch":8,"_timestamp":1.7681830736559246e+09,"val_loss":1.104588870048523,"_runtime":6,"_wandb":{"runtime":6},"_step":15}