{"epoch":6,"_timestamp":1.7681846541668348e+09,"_step":11,"val_loss":0.993960301399231,"_wandb":{"runtime":3},"_runtime":3,"train_loss":0.9229824485778808}