{"_step":25,"train_loss":0.4060688296612975,"epoch":13,"val_loss":0.5042952299230913,"_wandb":{"runtime":70},"_runtime":70,"_timestamp":1.7681862501458642e+09}