{"epoch":16,"val_loss":0.5208329800496876,"_wandb":{"runtime":122},"_runtime":122,"_timestamp":1.7681867216127691e+09,"_step":31,"train_loss":0.4881370781549415}