{"_runtime":8,"epoch":7,"_timestamp":1.7681847823475246e+09,"_step":13,"train_loss":0.9576468353271484,"val_loss":0.9851098885536194,"_wandb":{"runtime":8}}