{"_timestamp":1.7681808962365718e+09,"_step":7,"val_loss":1.4240241137581255,"_wandb":{"runtime":0},"_runtime":0,"train_loss":0.9638604025730284,"epoch":4}