{"_timestamp":1.7681864746547134e+09,"_step":29,"val_loss":0.46043670759312716,"_wandb":{"runtime":92},"_runtime":92,"train_loss":0.42649111049564026,"epoch":15}