{"_step":15,"val_loss":1.1139734554290772,"_wandb":{"runtime":6},"_runtime":6,"train_loss":0.8671127610206604,"epoch":8,"_timestamp":1.7681824659423337e+09}