{"_timestamp":1.7681825427101064e+09,"_step":13,"train_loss":0.9030340237617492,"epoch":7,"val_loss":1.1480031042099,"_wandb":{"runtime":15},"_runtime":15}