{"val_loss":0.8954471956766569,"_runtime":77,"_wandb":{"runtime":77},"train_loss":0.8576716934717619,"epoch":10,"_timestamp":1.7681822163304832e+09,"_step":19}