{"_wandb":{"runtime":13},"_step":11,"train_loss":0.8560878700704672,"epoch":6,"_timestamp":1.7681818263864322e+09,"val_loss":0.9688785039278094,"_runtime":13}