{"_runtime":32,"_step":11,"train_loss":0.8731330748384195,"epoch":6,"_timestamp":1.7681820535957708e+09,"val_loss":1.1610708609454035,"_wandb":{"runtime":32}}