{"val_loss":1.3087700072882062,"_runtime":21,"_wandb":{"runtime":21},"train_loss":0.8546608559100526,"epoch":6,"_timestamp":1.7681819340256183e+09,"_step":11}